Date,Headlines
2024-09-04,Apple is really evolving 
2024-09-09,Apple lost its innovative magicÔºü This 40s magazine advertising cheese on apple pie New Apple watch features ‚åöÔ∏è  Did this fox just eat my god apple
2024-10-18,Apple was intense Apple Microchip CPU Under Microscope 
2024-11-16,Was NOT expecting the Lucy Glo apples to be so beautiful! And delicious!
2024-10-06,Apple Slowly Moves Away From Its Annual Product Release Strategy Sounds like an apples to watermelons comparison Apple reportedly releasing iOS 18.1 with Apple Intelligence features on October 28 I have a pen and an apple.
2023-07-11,Is Apple really that bad?
2024-11-19,Apple TV+ spent $20B on original content. If only people actually watched. Apples to Oranges. 
2024-11-27,Beware of Apple Care + 
2024-09-02,Calories are as American as apple pie
2024-10-14,An apple a day keeps doctor away What are these cuts in my apples? An apple a day keeps the doctor away. What sorcery is this? Apples pink inside!
2024-12-02,"Gwyneth Paltrow's daughter Apple, 20, slammed for 'Mean Girls' behavior Some of my Thanksgiving pies this year- blueberry, apple, sour cherry, apple again"
2024-08-05,Stupid Apples 
2024-11-18,"This (unopened) bottle of apple juice came with an extra cap Apple Intelligence on M1 chips happened because of a key 2017 decision, Apple says"
2024-12-01,My boyfriends mom put spam in my sisters apple bake This is the shittiest folder apple developers has made.  Amazon accidently sent me an apple watch... Highly disappointed with Siri and Apple Intelligence. This is unacceptable!
2024-10-11,"Belarus, following Kazakhstan, has blocked Russia's access to apples"
2024-11-26,I cut open an apple and found this odd coloring. which apple do you think looks better? 
2024-08-20,Apple HQ's before and after Apple needs to up its iPhone game dramatically 
2024-09-28,My brother eats apples like a psychopath.
2024-05-17,Apple Store vandalized in Berlin
2024-08-07,TIL that the Christian portrayal of the fruit that Eve ate as an apple may come down to a Latin pun. Eve ate a ‚ÄúmƒÅlum‚Äù (apple) and also took in ‚Äúmalum‚Äù (evil). There‚Äôs no Biblical evidence that the fruit was an apple.
2024-10-29,"Apple‚Äôs all-new Mac mini is more mighty, more mini, and built for Apple Intelligence Apple Moment Apple unveils Mac Mini redesign with M4 chip"
2024-03-04,This is how far $1.50 goes at McDonalds these days. Three apple slices. Three. Apple. Slices.
2024-10-20,Everybody Have Some Bad Apples.
2024-11-22,"‚ÄòWolfs 2‚Äô Canceled: Apple No Longer Moving Forward With George Clooney, Brad Pitt Sequel Indonesia rejects Apple's $100 million bid to lift the iPhone 16 ban apple intelligence almost killed my relationship  Dreamt they made a sequel to Rock Paper Scissors called ""Apple Horse Doctor"""
2024-11-13,What was your favorite?  Mine was apple. Apple Customers Sue Over Unfixed AirPods Pro Crackling Issue
2024-09-20,Good job apple My apples have exploded
2024-08-06,To pass through the customs with apples
2024-06-24,Even Apple finally admits that 8GB RAM isn't enough
2024-11-01,Tim Apple‚Äôs Successor Apple Product Delivered and Taken Back Hours Later
2024-11-15,"Former Apple Watch user This is MY funky ass bottle of apple juice!! I made a massive apple pie  New Apple security feature reboots iPhones after 3 days, researchers confirm  Apple quietly gave the M4 MacBook Pro a quantum dot display"
2024-09-11,Apple's Polishing Cloth now supports new iPhone 16 models and Apple Watch Series 10 First time making an apple pie
2024-10-15,"Apple announces new iPad mini with A17 Pro chip, Apple Intelligence support ‚ÄòSlow Horses‚Äô Renewed for Season 6 at AppleTV+"
2024-05-18,These pews have QR codes with apple pay Berlin Apple Store vandalized by Congo activists Bone apple tea üë®üèæ‚Äçüéì
2024-06-10,"Apple announces 'Apple Intelligence': personal AI models across iPhone, iPad and Mac Apple‚Äôs AI promise: ‚ÄúYour data is never stored or made accessible by Apple‚Äù"
2024-09-06,Bone Apple Feet
2024-02-04,"Guy using Apple Vision Pro on NYC subway. It's Apple so it's not stupid, right? This guy drawing four different apples"
2024-10-27,Apple and Samsung Allegedly Looking to Buy Intel 3 McDonald's Wind Glider and Apple Pie Code Giveaway 6 apples and a friend
2024-11-14,Apple sent me a Mac Mini instead of an IPhone  Bluesky Hits Top of Apple App Store as Users Seek X Alternative Apple vs Market SSD prices: How the gap grew from 3x to 12-24x
2024-08-26,Apple Event Announced for September 9: 'It's Glowtime' Apple announced iPhone 16 event for September 9th
2024-03-18,Typical Apple stuff
2024-11-03,Apple reportedly releasing ‚Äòtotal redesign‚Äô for MacBook Pro in 2026
2024-07-08,Eating an apple is cooler than smoking.
2024-10-28,Apple introduces new iMac supercharged by M4 and Apple Intelligence Not again Apple üòë  EU to Apple: ‚ÄúLet Users Choose Their Software‚Äù; Apple: ‚ÄúNah‚Äù Donuts or apples?
2024-05-06,Apple Juice 
2024-09-14,Apple confirms the iPhone 16 has 8GB of RAM.
2024-02-14,Apple fans are starting to return their Vision Pros
2024-09-29,POV: you have main character syndrome at the apple orchard
2024-11-24,"Apple may use Intel to Produce Chips in 2026 Apple Shooting themselves in the Foot What is eating my apples in the kitchen overnight? No signs of a rat or a possum other than half eaten apple!
 Gurman: Apple has no ‚Äòmeaningful‚Äô AirPods Max plans after USB-C refresh Apple Shooting themselves in the Foot"
2024-11-08,What a moment for Apple Intelligence‚Ä¶ Are Apple fanfolks for real?
2023-11-18,Apple innovates text messaging!
2023-12-26,Apple is now banned from selling its latest Apple Watches in the US
2024-05-11,Apple's RAM concept is terrible
2024-09-10,"Apple must pay Ireland ‚Ç¨13bn in unpaid taxes, court rules What could Ireland buy with ‚Ç¨13bn Apple tax?"
2024-02-05,The Simpsons predicted the Apple Vision Pro. 
2024-01-17,Apple bills Epic Games $73 million in legal costs.
2024-11-02,"Column: These Apple researchers just showed that AI bots can't think, and possibly never will ‚Äî Apple‚Äôs AI researchers gave these AI systems a simple arithmetic problem that schoolkids can solve. The bots flunked. So films purchased on apple app on Xbox only watchable on apple devices."
2024-09-17,The most UnApple design in iOS 18
2024-11-29,"Apple 40 years of logo revolution, from its first design featuring Isaac Newton reading a book under the tree of an apple."
2023-12-30,Apple stores in japan
2023-11-07,CT scan of Apple AirPods vs two counterfeits
2024-11-11,"The new apple commercials are a disgrace to humanity Apple illegally threatened workers over their talk about pay and remote work, feds charge Apple explains why the M4 Mac mini power button is located on the bottom"
2024-11-12,Apple‚Äôs new Apple Intelligence ad is hilariously bad 
2024-10-07,'Serious' Apple Intelligence performance won't arrive until 2026+ Apple Silicon iMacs appear to suffer from screen deterioration after two years ‚Äî flood of user complaints hit Apple Community forums.  Apple Watch saved my life. 
2024-01-07,Microsoft poised to overtake Apple as most valuable company Microsoft poised to overtake Apple as most valuable company
2024-02-03,Apple Vision Pro the thing no one will say about Apple Vision Pro
2024-11-28,I made this apple pie for thanksgivingüíï Apple Apple is most dangerous when it shows up late Apple Music top 100 rn
2023-09-12,Apple forced to ditch iPhone lightning charger
2023-09-14,Apple is one of us
2023-10-03,American as Apple pie
2023-08-19,Anon hates apple (heil spez)
2024-05-19,Apple isn't deleting deleted photos... I never liked eating apples anyway‚Ä¶ 
2024-07-09,Pro-wrestler Mark Henry crushes an apple with his hand.
2023-07-14,"TIL the once-tasty ""red delicious"" type of apple is now recognized as having declined sharply in quality. Supermarkets wanted to apple to last longer, but the best tasting juicy apples often go bad more quickly. Selective breeding practices changed the red delicious into a more solid & shiny apple."
2023-05-16,Android vs Apple phones
2024-04-05,Taylor‚Äôs ‚Äò5 Stages of Heartbreak‚Äô Apple Music Playlists
2024-08-28,Unloading a trailer full of apples
2024-03-21,US accuses Apple of monopolising smartphone market DOJ sues Apple over iPhone monopoly DOJ sues Apple over iPhone monopoly
2024-07-10,"'Severance' Season 2 Premieres January 17, 2025 on Apple TV+"
2023-06-05,"This is Apple Vision Pro, the mixed reality headset Apple's VR Headset - Vision Pro"
2023-06-06,Apple Vision Pro
2023-09-13,"Just had to do it, didn't you Apple."
2024-10-10,Apple Summary
2023-04-18,Throwing an apple from an offshore oilrig
2023-11-08,Google Asks Regulators to Liberate Apple's Blue Text Bubbles
2024-10-03,My apple has an apple on it.
2023-07-23,8 hours of Bad Apple (Higher Quality Timelapse) Full animate Bad Apple is completed
2023-09-17,A Cool Guide To Picking The Perfect Apple Apple informs journalists Russia is targeting them with Pegasus spyware
2024-11-20,Apple TV+ spent $20B on original content. If only people actually watched.
2023-04-23,"Apple allowing side loading, but only in Europe"
2023-05-28,Why could Apple possibly not have the Confederate flag emoji?
2024-05-13,Apple sucks
2023-09-28,"After a raid on the Apple store in Philadelphia, Apple remotely blocked all the stolen devices. These idiots are shocked and outraged!"
2024-02-29,Software engineer wore an Apple Vision Pro to his wedding Apple Spent More Than $10 Billion on Apple Car Before Canceling Project
2023-07-21,5 hours of Bad Apple (Closeup + Timelapse)
2023-10-18,Top Apple analyst says MacBook demand has fallen 'significantly'
2024-08-03,Berkshire Hathaway Slashes Apple Stake by Nearly 50%
2024-02-13,Anon Hates Apple
2023-02-21,Apple's Popularity With Gen Z Poses Challenges for Android
2024-10-24,"Apple Intelligence Isn't Driving iPhone 16 Sales the Way Apple Hoped, Analyst Says"
2024-06-03,Apple's big scam
2024-05-07,Apple Announces New M4 Chip The naked truth about why Apple sometimes sucks so hard
2024-09-15,Evolution of Apple‚Äôs headphones.  
2024-09-13,Apple Store Down Ahead of iPhone 16 Pre-Orders
2023-12-21,"What's better, Spotify or Apple Music"
2023-05-11,"TIL one bad apple in a bunch will release ethylene, ruining all the other apples"
2024-06-16,"Apple planning redesigned iPhone, MacBook Pro, and Apple Watch that are significantly thinner Apple punishes women for same behaviors that get men promoted, lawsuit says. Apple could owe thousands in back pay to 12,000 female employees."
2023-09-04,"New iPhone, new charger: Apple bends to EU rules"
2022-11-28,Elon Musk Declares war on Apple. Puts!
2024-11-09,"A crate of apples, made of chocolate ü§Ø Guy Steals From Apple Store And Escapes By Jumping Over Second Story"
2023-10-08,Robotic Apple Harvester 
2024-03-06,Apple terminated Epic's developer account
2024-03-28,The apple doesn't fall far from the tree
2024-09-27,Would you guys buy this if Apple announced it?
2024-05-03,Apples *at their best* are the best fruit.
2024-08-23,"Apple to Debut iPhone 16, Apple Watch 10, and AirPods 4 on September 10"
2024-06-05,"TIL: Apple seeds DO NOT yield the same apple it came from... every apple seed yields a completely unique apple. If you want the exact same apple, you have to cut a branch off the existing apple tree and graft in onto another tree."
2024-01-29,"Apple Has Sold Approximately 200,000 Vision Pro Headsets"
2023-06-19,Tim Cook showcasing the next generation of Apple products
2023-09-03,Apple's Greed
2024-10-05,"Apple couldn‚Äôt tell fake iPhones from real ones, lost $2.5M to scammers | Repair scheme got Apple to replace 6,000 fake iPhones with real ones."
2023-08-30,Apple juice 
2024-05-21,Apple needs to explain that bug that resurfaced deleted photos
2024-11-30,Apple Intelligence üíØ
2024-11-17,Apple reportedly releasing AirTag 2 next year with these 3 improvements
2022-12-13,YSK: Apple Music deletes your original songs and replaces them with Apple-protected versions
2024-09-18,A rare W for Apple consumers
2024-09-16,Apple Watch Sleep Apnea Detection Gets FDA Approval
2023-11-11,"Apple discriminated against US citizens in hiring, DOJ says"
2023-09-19,To eat the onion he thought was a Apple 
2024-03-16,Do you as a DM have a ‚Äúred apple cigarettes‚Äù?
2024-09-25,Apple focusing on lower resolution screens to make a more affordable Apple Vision Pro Apple dance girl
2022-10-04,Just a few bad apples they say
2023-12-09,"Does anyone still call it ""Notch Apple""?"
2024-02-27,GOAT Apple Logo?
2024-06-30,Tesla are the new apple
2023-07-31,Robotic apple picker
2024-05-05,Apple Juice
2024-02-11,becauseHereAtAppleWeCareAboutOurCustomers
2023-10-19,"Jon Stewart‚Äôs Show on Apple Is Ending. Mr. Stewart and Apple are parting ways because of creative differences over ‚ÄúThe Problem,‚Äù people with knowledge of the decision said."
2022-06-29,FCC Commissioner urges Google and Apple to ban TikTok
2024-01-30,"Apple sold 200000 Vision Pros Apple Vision Pro review: magic, until it‚Äôs not"
2024-05-28,Sister eats half an apple a day 
2023-10-02,"Apple will no longer fix the $17,000 gold Apple Watch"
2024-01-31,Using Apple Vision Pro: What It‚Äôs Actually Like!
2024-07-13,Fuck that particular apple store
2024-03-22,Apple's recent troubles...
2023-04-04,Apple Weather App Data Not Loading for Many Users
2024-04-24,You got me Apple.
2022-09-06,Far Out - Apple Event Predictions 
2023-09-23,Apple removes app created by Andrew Tate
2024-11-06,What's with the apples
2024-06-11,"Man the new ""Apple Intelligence"" is kind lit"
2024-06-18,Apple Reportedly Suspends Work on Vision Pro 2 Apple Reportedly Suspends Work on Vision Pro 2
2023-09-18,Ffs Apple
2024-07-27,Report: Apple beginning serious work on a foldable iPhone
2022-06-19,Just a few bad apples
2023-11-02,Forgot about an apple and it turned black.
2024-10-17,Emotional Support Apple Pie (by GoldenAmaranthe)
2024-11-21,Apple pledges USD 100 million Indonesia investment to lift iPhone 16 ban
2022-12-07,The apple doesn't fall far from the tree
2024-10-23,Severance ‚Äî Season 2 Official Teaser | Apple TV+
2024-09-19,Apple introduces California driver‚Äôs licenses and state IDs in Apple Wallet as part of California DMV‚Äôs mDL pilot program
2023-10-31,Apple saying the same thing for 14 years
2024-10-30,Don't worry guys. Making a mouse that's unusable while it charges is actually OK because it's Apple and they are perfect (according to Apple fanboys)
2022-08-01,Apple's profit declines nearly 11%
2024-03-19,Emily thinks that apples just grow on trees.
